id;first_name;last_name;email;phone_number;address
1;Ellis;Daugherty;Krystina.Luettgen@yahoo.com;mmm;misapply
2;Lenny;Dickens;Fleta_Raynor15@hotmail.com;politician alive off;finally outside
3;Keanu;Hilll;Kim_Frami@hotmail.com;serval wake ruddy;in
4;Fern;Wyman;Zoila_Ritchie@gmail.com;hackwork loyally which;although um
5;Courtney;Schimmel;Shayne_Oberbrunner@yahoo.com;ew aside;bah
6;London;Hansen;William.Stokes-Hodkiewicz@gmail.com;tenderly destruction quicken;gosh amid
7;Jose;Trantow;Ambrose.Bahringer@gmail.com;seriously;quickly lest enormous
8;Granville;Leannon;Easter_Little@hotmail.com;fixture;rapidly usually
9;Sean;Dare;Colton.Kuvalis@gmail.com;wise;even um nifty
10;Roxane;Champlin;Juliet_McDermott@gmail.com;radicalise;craftsman than adolescent
