id;first_name;last_name;email;job_title
1;Coty;Wiegand;Ozella_Farrell@hotmail.com;Internal Markets Strategist
2;Kamille;Kirlin;Adrianna89@gmail.com;Principal Optimization Representative
3;Claud;Fisher;Kian_Ryan6@hotmail.com;District Operations Analyst
4;Johnathon;Green;Francesco_Donnelly84@hotmail.com;District Group Liaison
5;Jaclyn;Schmidt;Marlen.Ferry@hotmail.com;Regional Communications Liaison
6;Zetta;Collier;Trycia4@yahoo.com;National Communications Manager
7;Kiley;Murazik;Carolyn_Lindgren@gmail.com;Legacy Metrics Representative
8;Franco;Weber;Jany.Wyman@yahoo.com;Central Quality Developer
9;Deontae;Brekke;Darion11@yahoo.com;Forward Mobility Engineer
10;Nelle;Brown;Jonatan_Dooley18@gmail.com;Lead Factors Administrator
